method,seed,cumulative_reward,mean_reward,reward_per_step
CEM,7,-483.65109709,-483.65109709,-7.55704839
MCTS,7,-484.07476061,-484.07476061,-7.56366813
PPO,7,-810.24723123,-810.24723123,-0.81024723
SAC,7,-919.34832210,-919.34832210,-0.91934832
